hcp_name,hco_name
山田花子,東京大学医学部附属病院
佐藤太郎,京都大学医学部附属病院
鈴木恵子,大阪医科大学附属病院
田中一郎,慶應義塾大学医学部附属病院
伊藤美咲,東京医科大学病院
渡辺健一,順天堂大学医学部附属病院
松本美穂,日本医科大学附属病院
林哲也,東邦大学医学部附属病院
石川誠司,帝京大学医学部附属病院
坂本由紀,聖マリアナ医科大学附属病院
池田美奈子,東京大学医学部附属病院
秋山千尋,京都大学医学部附属病院
村田成美,大阪医科大学附属病院
中島美紀,慶應義塾大学医学部附属病院
今村明日香,東京医科大学病院
藤田亜季,順天堂大学医学部附属病院
岡田裕,日本医科大学附属病院
柴田雄二,東邦大学医学部附属病院
斉藤一朗,帝京大学医学部附属病院
大野健,聖マリアナ医科大学附属病院
森田美穂,東京大学医学部附属病院
吉田翔,京都大学医学部附属病院
前田幸雄,大阪医科大学附属病院
福田恵理,慶應義塾大学医学部附属病院
上田千恵,東京医科大学病院
宮本知恵,順天堂大学医学部附属病院
加藤理恵,日本医科大学附属病院
野口博,東邦大学医学部附属病院
長谷川浩,帝京大学医学部附属病院
中川拓也,聖マリアナ医科大学附属病院
遠藤浩二,東京大学医学部附属病院
久保田隆,京都大学医学部附属病院
小川裕二,大阪医科大学附属病院
高橋達也,慶應義塾大学医学部附属病院
竹内正志,東京医科大学病院
西村明日香,順天堂大学医学部附属病院
桜井幸,日本医科大学附属病院
橋本玲奈,東邦大学医学部附属病院
原田洋介,帝京大学医学部附属病院
井上幸子,聖マリアナ医科大学附属病院
木村愛,東京大学医学部附属病院
谷口有紀,京都大学医学部附属病院
三浦正雄,大阪医科大学附属病院
小林誠,慶應義塾大学医学部附属病院
西田雄一,東京医科大学病院
清水恵,順天堂大学医学部附属病院
山口真由美,日本医科大学附属病院
岡本千恵,東邦大学医学部附属病院
